Trait field,Reference values,Predicted values,TP,FP,FN,Precision,Recall,F1
life form,36,38,36,2,0,0.947,1.000,0.973
habitat,47,49,47,2,0,0.959,1.000,0.979
habit,94,99,93,6,1,0.939,0.989,0.964
clonality,77,77,74,3,3,0.961,0.961,0.961
perennial organ,75,78,75,3,0,0.962,1.000,0.980
plant min. height [m],35,28,28,0,7,1.000,0.800,0.889
plant max. height [m],36,28,28,0,8,1.000,0.778,0.875
indumentum,81,44,39,5,42,0.886,0.481,0.624
spinescence,1,0,0,0,1,NA,0.000,0.000
succulence,3,4,3,1,0,0.750,1.000,0.857
leaf arrangement,5,5,5,0,0,1.000,1.000,1.000
leaf architecture,25,27,22,5,3,0.815,0.880,0.846
leaf position,9,7,7,0,2,1.000,0.778,0.875
leaf shape,102,102,88,14,14,0.863,0.863,0.863
leaf apex,57,69,54,15,3,0.783,0.947,0.857
leaf base,31,30,27,3,4,0.900,0.871,0.885
leaf margin,45,39,38,1,7,0.974,0.844,0.905
leaf min. width [cm],40,35,35,0,5,1.000,0.875,0.933
leaf max. width [cm],40,35,35,0,5,1.000,0.875,0.933
leaf min. length [cm],44,42,39,3,5,0.929,0.886,0.907
leaf max. length [cm],44,42,39,3,5,0.929,0.886,0.907
bract colour,4,6,4,2,0,0.667,1.000,0.800
bracteole colour,0,0,0,0,0,NA,NA,NA
inflorescence arrangement,64,20,20,0,44,1.000,0.312,0.476
inflorescence orientation,5,5,5,0,0,1.000,1.000,1.000
flower sex,10,7,7,0,3,1.000,0.700,0.824
flower architecture,1,2,1,1,0,0.500,1.000,0.667
flower merosity,0,0,0,0,0,NA,NA,NA
flower symmetry,1,1,1,0,0,1.000,1.000,1.000
flower shape,2,0,0,0,2,NA,0.000,0.000
flower colour,20,20,17,3,3,0.850,0.850,0.850
flower orientation,5,5,5,0,0,1.000,1.000,1.000
petal fusion,5,3,2,1,3,0.667,0.400,0.500
petal colour,10,9,9,0,1,1.000,0.900,0.947
petal min. width [cm],6,6,6,0,0,1.000,1.000,1.000
petal max. width [cm],6,6,6,0,0,1.000,1.000,1.000
calyx colour,0,0,0,0,0,NA,NA,NA
calyx min. length [cm],6,5,5,0,1,1.000,0.833,0.909
calyx max. length [cm],6,5,5,0,1,1.000,0.833,0.909
corolla colour,19,19,19,0,0,1.000,1.000,1.000
corolla tube min. length [cm],9,9,8,1,1,0.889,0.889,0.889
corolla tube max. length [cm],9,9,8,1,1,0.889,0.889,0.889
corolla tube lipped,0,0,0,0,0,NA,NA,NA
labellum colour,3,3,3,0,0,1.000,1.000,1.000
labellum min. width [cm],0,1,0,1,0,0.000,NA,0.000
labellum max. width [cm],0,1,0,1,0,0.000,NA,0.000
spur min. length [cm],1,2,1,1,0,0.500,1.000,0.667
spur max. length [cm],1,2,1,1,0,0.500,1.000,0.667
reproduction architecture,0,2,0,2,0,0.000,NA,0.000
reproduction system,8,8,8,0,0,1.000,1.000,1.000
stamen number,7,6,5,1,2,0.833,0.714,0.769
stamen arrangement,0,0,0,0,0,NA,NA,NA
stamenoid number,0,0,0,0,0,NA,NA,NA
stamen min. length [cm],0,0,0,0,0,NA,NA,NA
stamen max. length [cm],0,0,0,0,0,NA,NA,NA
staminodium,0,0,0,0,0,NA,NA,NA
pollen colour,0,0,0,0,0,NA,NA,NA
carpel/ovary number,0,0,0,0,0,NA,NA,NA
gynoecium arrangement,0,0,0,0,0,NA,NA,NA
heterostyly,0,0,0,0,0,NA,NA,NA
pollination,0,0,0,0,0,NA,NA,NA
reward,2,2,2,0,0,1.000,1.000,1.000
fruit type,31,11,11,0,20,1.000,0.355,0.524
fruit structure,3,11,3,8,0,0.273,1.000,0.429
fruit dehiscence,3,11,3,8,0,0.273,1.000,0.429
fruit shape,11,3,3,0,8,1.000,0.273,0.429
fruit colour,4,1,1,0,3,1.000,0.250,0.400
seed colour,11,14,11,3,0,0.786,1.000,0.880
seeds per fruit max,1,0,0,0,1,NA,0.000,0.000
seeds per fruit min,1,0,0,0,1,NA,0.000,0.000
seed min. width [mm],6,5,4,1,2,0.800,0.667,0.727
seed max. width [mm],6,5,4,1,2,0.800,0.667,0.727
seed min. length [mm],14,16,13,3,1,0.812,0.929,0.867
seed max. length [mm],14,16,12,4,2,0.750,0.857,0.800
seed min. diameter [mm],1,0,0,0,1,NA,0.000,0.000
seed max. diameter [mm],0,0,0,0,0,NA,NA,NA
dispersal mode,15,18,15,3,0,0.833,1.000,0.909
ploidy level (2n),41,41,41,0,0,1.000,1.000,1.000
root min. depth [cm],0,0,0,0,0,NA,NA,NA
root max. depth [cm],0,0,0,0,0,NA,NA,NA
