key,taxon,life form,habitat,habit,clonality,perennial organ,plant min. height [m],plant max. height [m],indumentum,spinescence,succulence,leaf arrangement,leaf architecture,leaf position,leaf shape,leaf apex,leaf base,leaf margin,leaf min. width [cm],leaf max. width [cm],leaf min. length [cm],leaf max. length [cm],bract colour,bracteole colour,inflorescence arrangement,inflorescence orientation,flower sex,flower architecture,flower merosity,flower symmetry,flower shape,flower colour,flower orientation,petal fusion,petal colour,petal min. width [cm],petal max. width [cm],calyx colour,calyx min. length [cm],calyx max. length [cm],corolla colour,corolla tube min. length [cm],corolla tube max. length [cm],corolla tube lipped,labellum colour,labellum min. width [cm],labellum max. width [cm],spur min. length [cm],spur max. length [cm],reproduction architecture,reproduction system,stamen number,stamen arrangement,stamenoid number,stamen min. length [cm],stamen max. length [cm],staminodium,pollen colour,carpel/ovary number,gynoecium arrangement,heterostyly,pollination,reward,fruit type,fruit structure,fruit dehiscence,fruit shape,fruit colour,seed colour,seeds per fruit min,seeds per fruit max,seeds per fruit min.,seed min. width [mm],seed max. width [mm],seed min. length [mm],seed max. length [mm],seed min. diameter [mm],seed max. diameter [mm],dispersal mode,ploidy level (2n),root min. depth [cm],root max. depth [cm],source,source_id,matched_name
achillea millefolium|bhl|2652962.0,achillea millefolium,perennial,terrestrial,"geoxylices, scrambler, herb",stoloniferous,"rootstock, stolon",0.5 m,0.5 m,"pubescent, spinulose","spiny, spinulate",,,pinnatipartite,,"spatulate, linear, oblanceolate, oblong, lanceolate",acute,attenuate,,0.5 cm,1.5 cm,4 cm,10 cm,,,"corymb, panicle",,,,,,,"pinkish, white",,,,,,,,,,,,,,,,,,,,,,,,,,,,,,,,,,,,,,,,,,,1.5 mm,2.0 mm,,,,,,,bhl,2652962.0,
betula nana|bhl|22883499.0,betula nana,,terrestrial,shrub,solitary plant,trunk,,,,,,,,,"rounded, reniform, orbicular, obovate",rounded,"rounded, orbicular",crenulate,,,0.6 cm,2.0 cm,,,,,,,,,,,,,,,,,,,,,,,,,,,,,,,,,,,,,,,,,,,,,,,,,,,,,,,,,,,,,bhl,22883499.0,Betula nana
carex capillaris|bhl|7934755.0,carex capillaris,,terrestrial,"tussock, erect leafy/tussock, caespitose",rhizomematous,rhizome,,,,,,,,,,,,,0.1 cm,0.3 cm,,,,,,,,,,,,,,,,,,,,,,,,,,,,,,,,,,,,,,,,,,,,,,,,,,,,,,,,,,,,2n = 50,,,bhl,7934755.0,Carex capillaris
achillea millefolium|efloras.flora_of_china|nan,achillea millefolium,perennial,terrestrial,herb,,,0.40 m,1.00 m,"villouse, villous, glandular",,,,"pinnatipartite, pinnatisect",,"lanceolate, linear, oblong","attenuate, lanceolate",,,1 cm,2.5 cm,5 cm,20 cm,,,,,,,,,,,,,,,,,,,,,,,,,,,,,,,,,,,,,,,,,,,,,,,"white, greenish",,,,,,2 mm,2 mm,,,,"2n = 18, 27, 36",,,efloras.flora_of_china,,
carex capillaris|efloras.flora_of_china|nan,carex capillaris,,,,,,,,scabrous,,,,flat,,,,,scabrous,0.15 cm,0.2 cm,,,,,,,,,,,,,,,,,,,,,,,,,,,,,,,,,,,,,,,,,,,,,,,,,,,,,,,,,,,,,,,efloras.flora_of_china,,
achillea millefolium|efloras.flora_of_north_america|nan,achillea millefolium,perennial,,"erect leafy/tussock, stoloniferous","rhizome, rhizomatous, stoloniferous","rhizome, stolon",0.06 m,0.65 m,"tomentose, woolly, glabrous",,,simple,lobed,,"lobate, lanceolate, oblong",lanceolate,,,0.5 cm,3.5 cm,3.5 cm,35 cm,,,"compound, corymb",,,,,,,,,,,,,,,,"pink, purple, grayish, white",0.15 cm,0.3 cm,,,,,,,,,,,,,,,,,,,,,,,,,,,,,,,,,,,,,"2n = 18, 27, 36, 45, 54, 63, 72",,,efloras.flora_of_north_america,,
betula nana|efloras.flora_of_north_america|nan,betula nana,,terrestrial,"scrambler, shrub, tree/shrub, climber/scrambler","stoloniferous, solitary plant","stolon, trunk",,,,,,,,,"reniform, orbicular, obovate, orbiculate, rounded, cordate","rounded, acute","rounded, cordate",crenate,,,,,,,,,,,,,,,,,,,,,,,,,,,,,,,,,,,,,,,,,,,,,,,,,,,,,,,,,,,,,,,,,efloras.flora_of_north_america,,
carex capillaris|efloras.flora_of_north_america|nan,carex capillaris,,terrestrial,erect leafy/tussock,rhizomematous,rhizome,0.60 m,0.60 m,,,,,flat,,,,,,0.075 cm,0.4 cm,2 cm,9 cm,,,,,,,,,,,,,,,,,,,,,,,,,,,,,,,,,,,,,,,,,,,,,,,,,,,0.7 mm,1 mm,1.2 mm,1.7 mm,,,,2n = 54.,,,efloras.flora_of_north_america,,
achillea millefolium|efloras.flora_of_pakistan|nan,achillea millefolium,,terrestrial,shrub,solitary plant,trunk,1 m,1 m,hairy,,,,"pinnatipartite, pinnatisect",,"lanceolate, oblong",,,,1 cm,4 cm,20 cm,20 cm,,,compound,,,,,,,"whitish, white",,,,,,,,,,,,,,,,,,,,,,,,,,,,,,,,,,,,,,,,,,,,,,,,,,,efloras.flora_of_pakistan,,
cuscuta epithymum|efloras.flora_of_pakistan|nan,cuscuta epithymum,,,,,,,,,,,,,,oblong,"obtuse, acute",,,0.04 cm,0.04 cm,0.1 cm,0.1 cm,,,,,,,,,,,,,,0.1 cm,1.2 cm,,,,,,,,,,,,,,,4.0,,,,,,,,,,,,,,,,,,,,,,,,,,,,,,,efloras.flora_of_pakistan,,
